CREATE DATABASE SALMONERA;
USE SALMONERA;
CREATE TABLE CENTRO(
	CENTROID NUMERIC NOT NULL,
	CENTRONUM NUMERIC NOT NULL,
	UBICACION VARCHAR(30),
	NUMJAULAS NUMERIC NOT NULL,
	PRIMARY KEY(CENTROID)
);
CREATE TABLE JAULA(
	JAULAID NUMERIC NOT NULL,
	PRIMARY KEY(JAULAID),
        MUERTEESP NUMERIC NOT NULL,
        COSECHAINICIAL NUMERIC NOT NULL,
        CENTROID NUMERIC NOT NULL,
	CONSTRAINT FK_CENTROJAULA FOREIGN KEY(CENTROID) REFERENCES CENTRO(CENTROID)
);
CREATE TABLE JAULAINF(
	JAULAID NUMERIC NOT NULL,
	PRIMARY KEY(JAULAID),
	BIOMASA NUMERIC NOT NULL,
	OXIGENO NUMERIC NOT NULL,
	TEMPERATURA NUMERIC NOT NULL,
	MUERTEACT NUMERIC NOT NULL,
	FECHA DATE NOT NULL,
	CONSTRAINT FK_JAULAJAULAINF FOREIGN KEY(JAULAID) REFERENCES JAULA(JAULAID)
);
CREATE TABLE USUARIO(
    IDUSUARIO NUMERIC NOT NULL,
    PRIMARY KEY(IDUSUARIO),
	NOMBREUSUARIO VARCHAR(50) NOT NULL,
    CONTRASEÑAUSUARIO VARCHAR(50) NOT NULL,
    EMAILUSUARIO VARCHAR(50) NOT NULL 
);
#Inserts_en_centro#
INSERT INTO `centro`(`CENTROID`, `CENTRONUM`, `UBICACION`, `NUMJAULAS`) VALUES (10,100,'Puerto Montt',8);
INSERT INTO `centro`(`CENTROID`, `CENTRONUM`, `UBICACION`, `NUMJAULAS`) VALUES (20,200,'Castro',8);
INSERT INTO `centro`(`CENTROID`, `CENTRONUM`, `UBICACION`, `NUMJAULAS`) VALUES (30,300,'Ancud',8);
INSERT INTO `centro`(`CENTROID`, `CENTRONUM`, `UBICACION`, `NUMJAULAS`) VALUES (40,400,'Calbuco',8);
INSERT INTO `centro`(`CENTROID`, `CENTRONUM`, `UBICACION`, `NUMJAULAS`) VALUES (50,500,'Maullin',8);
INSERT INTO `centro`(`CENTROID`, `CENTRONUM`, `UBICACION`, `NUMJAULAS`) VALUES (60,600,'Calbuco',8);
INSERT INTO `centro`(`CENTROID`, `CENTRONUM`, `UBICACION`, `NUMJAULAS`) VALUES (70,700,'Dalcahue',8);
INSERT INTO `centro`(`CENTROID`, `CENTRONUM`, `UBICACION`, `NUMJAULAS`) VALUES (80,800,'Chonchi',8);
#inserts_en_jaula#
INSERT INTO `jaula`(`JAULAID`,`MUERTEESP`,`COSECHAINICIAL`,`CENTROID`) VALUES (101,25,50000,10);
INSERT INTO `jaula`(`JAULAID`,`MUERTEESP`,`COSECHAINICIAL`,`CENTROID`) VALUES (102,20,50000,10);
INSERT INTO `jaula`(`JAULAID`,`MUERTEESP`,`COSECHAINICIAL`,`CENTROID`) VALUES (103,20,50000,10);
INSERT INTO `jaula`(`JAULAID`,`MUERTEESP`,`COSECHAINICIAL`,`CENTROID`) VALUES (104,20,50000,10);
INSERT INTO `jaula`(`JAULAID`,`MUERTEESP`,`COSECHAINICIAL`,`CENTROID`) VALUES (105,35,50000,10);
INSERT INTO `jaula`(`JAULAID`,`MUERTEESP`,`COSECHAINICIAL`,`CENTROID`) VALUES (106,15,50000,10);
INSERT INTO `jaula`(`JAULAID`,`MUERTEESP`,`COSECHAINICIAL`,`CENTROID`) VALUES (107,30,50000,10);
INSERT INTO `jaula`(`JAULAID`,`MUERTEESP`,`COSECHAINICIAL`,`CENTROID`) VALUES (108,30,50000,10);
INSERT INTO `jaula`(`JAULAID`,`MUERTEESP`,`COSECHAINICIAL`,`CENTROID`) VALUES (201,25,30000,20);
INSERT INTO `jaula`(`JAULAID`,`MUERTEESP`,`COSECHAINICIAL`,`CENTROID`) VALUES (202,25,30000,20);
INSERT INTO `jaula`(`JAULAID`,`MUERTEESP`,`COSECHAINICIAL`,`CENTROID`) VALUES (203,25,30000,20);
INSERT INTO `jaula`(`JAULAID`,`MUERTEESP`,`COSECHAINICIAL`,`CENTROID`) VALUES (204,25,30000,20);
INSERT INTO `jaula`(`JAULAID`,`MUERTEESP`,`COSECHAINICIAL`,`CENTROID`) VALUES (205,35,50000,20);
INSERT INTO `jaula`(`JAULAID`,`MUERTEESP`,`COSECHAINICIAL`,`CENTROID`) VALUES (206,15,25000,20);
INSERT INTO `jaula`(`JAULAID`,`MUERTEESP`,`COSECHAINICIAL`,`CENTROID`) VALUES (207,30,50000,20);
INSERT INTO `jaula`(`JAULAID`,`MUERTEESP`,`COSECHAINICIAL`,`CENTROID`) VALUES (208,30,50000,20);
INSERT INTO `jaula`(`JAULAID`,`MUERTEESP`,`COSECHAINICIAL`,`CENTROID`) VALUES (301,25,30000,30);
INSERT INTO `jaula`(`JAULAID`,`MUERTEESP`,`COSECHAINICIAL`,`CENTROID`) VALUES (302,25,30000,30);
INSERT INTO `jaula`(`JAULAID`,`MUERTEESP`,`COSECHAINICIAL`,`CENTROID`) VALUES (303,25,30000,30);
INSERT INTO `jaula`(`JAULAID`,`MUERTEESP`,`COSECHAINICIAL`,`CENTROID`) VALUES (304,25,30000,30);
INSERT INTO `jaula`(`JAULAID`,`MUERTEESP`,`COSECHAINICIAL`,`CENTROID`) VALUES (305,35,50000,30);
INSERT INTO `jaula`(`JAULAID`,`MUERTEESP`,`COSECHAINICIAL`,`CENTROID`) VALUES (306,15,25000,30);
INSERT INTO `jaula`(`JAULAID`,`MUERTEESP`,`COSECHAINICIAL`,`CENTROID`) VALUES (307,30,50000,30);
INSERT INTO `jaula`(`JAULAID`,`MUERTEESP`,`COSECHAINICIAL`,`CENTROID`) VALUES (308,30,50000,30);
INSERT INTO `jaula`(`JAULAID`,`MUERTEESP`,`COSECHAINICIAL`,`CENTROID`) VALUES (401,25,30000,40);
INSERT INTO `jaula`(`JAULAID`,`MUERTEESP`,`COSECHAINICIAL`,`CENTROID`) VALUES (402,25,30000,40);
INSERT INTO `jaula`(`JAULAID`,`MUERTEESP`,`COSECHAINICIAL`,`CENTROID`) VALUES (403,25,30000,40);
INSERT INTO `jaula`(`JAULAID`,`MUERTEESP`,`COSECHAINICIAL`,`CENTROID`) VALUES (404,25,30000,40);
INSERT INTO `jaula`(`JAULAID`,`MUERTEESP`,`COSECHAINICIAL`,`CENTROID`) VALUES (405,35,50000,40);
INSERT INTO `jaula`(`JAULAID`,`MUERTEESP`,`COSECHAINICIAL`,`CENTROID`) VALUES (406,15,25000,40);
INSERT INTO `jaula`(`JAULAID`,`MUERTEESP`,`COSECHAINICIAL`,`CENTROID`) VALUES (407,30,50000,40);
INSERT INTO `jaula`(`JAULAID`,`MUERTEESP`,`COSECHAINICIAL`,`CENTROID`) VALUES (408,30,50000,40);
INSERT INTO `jaula`(`JAULAID`,`MUERTEESP`,`COSECHAINICIAL`,`CENTROID`) VALUES (501,25,30000,50);
INSERT INTO `jaula`(`JAULAID`,`MUERTEESP`,`COSECHAINICIAL`,`CENTROID`) VALUES (502,25,30000,50);
INSERT INTO `jaula`(`JAULAID`,`MUERTEESP`,`COSECHAINICIAL`,`CENTROID`) VALUES (503,25,30000,50);
INSERT INTO `jaula`(`JAULAID`,`MUERTEESP`,`COSECHAINICIAL`,`CENTROID`) VALUES (504,25,30000,50);
INSERT INTO `jaula`(`JAULAID`,`MUERTEESP`,`COSECHAINICIAL`,`CENTROID`) VALUES (505,35,50000,50);
INSERT INTO `jaula`(`JAULAID`,`MUERTEESP`,`COSECHAINICIAL`,`CENTROID`) VALUES (506,15,25000,50);
INSERT INTO `jaula`(`JAULAID`,`MUERTEESP`,`COSECHAINICIAL`,`CENTROID`) VALUES (507,30,50000,50);
INSERT INTO `jaula`(`JAULAID`,`MUERTEESP`,`COSECHAINICIAL`,`CENTROID`) VALUES (508,30,50000,50);
INSERT INTO `jaula`(`JAULAID`,`MUERTEESP`,`COSECHAINICIAL`,`CENTROID`) VALUES (601,25,30000,60);
INSERT INTO `jaula`(`JAULAID`,`MUERTEESP`,`COSECHAINICIAL`,`CENTROID`) VALUES (602,25,30000,60);
INSERT INTO `jaula`(`JAULAID`,`MUERTEESP`,`COSECHAINICIAL`,`CENTROID`) VALUES (603,25,30000,60);
INSERT INTO `jaula`(`JAULAID`,`MUERTEESP`,`COSECHAINICIAL`,`CENTROID`) VALUES (604,25,30000,60);
INSERT INTO `jaula`(`JAULAID`,`MUERTEESP`,`COSECHAINICIAL`,`CENTROID`) VALUES (605,35,50000,60);
INSERT INTO `jaula`(`JAULAID`,`MUERTEESP`,`COSECHAINICIAL`,`CENTROID`) VALUES (606,15,25000,60);
INSERT INTO `jaula`(`JAULAID`,`MUERTEESP`,`COSECHAINICIAL`,`CENTROID`) VALUES (607,30,50000,60);
INSERT INTO `jaula`(`JAULAID`,`MUERTEESP`,`COSECHAINICIAL`,`CENTROID`) VALUES (608,30,50000,60);
INSERT INTO `jaula`(`JAULAID`,`MUERTEESP`,`COSECHAINICIAL`,`CENTROID`) VALUES (701,25,30000,70);
INSERT INTO `jaula`(`JAULAID`,`MUERTEESP`,`COSECHAINICIAL`,`CENTROID`) VALUES (702,25,30000,70);
INSERT INTO `jaula`(`JAULAID`,`MUERTEESP`,`COSECHAINICIAL`,`CENTROID`) VALUES (703,25,30000,70);
INSERT INTO `jaula`(`JAULAID`,`MUERTEESP`,`COSECHAINICIAL`,`CENTROID`) VALUES (704,25,30000,70);
INSERT INTO `jaula`(`JAULAID`,`MUERTEESP`,`COSECHAINICIAL`,`CENTROID`) VALUES (705,35,50000,70);
INSERT INTO `jaula`(`JAULAID`,`MUERTEESP`,`COSECHAINICIAL`,`CENTROID`) VALUES (706,15,25000,70);
INSERT INTO `jaula`(`JAULAID`,`MUERTEESP`,`COSECHAINICIAL`,`CENTROID`) VALUES (707,30,50000,70);
INSERT INTO `jaula`(`JAULAID`,`MUERTEESP`,`COSECHAINICIAL`,`CENTROID`) VALUES (708,30,50000,70);
INSERT INTO `jaula`(`JAULAID`,`MUERTEESP`,`COSECHAINICIAL`,`CENTROID`) VALUES (801,25,30000,80);
INSERT INTO `jaula`(`JAULAID`,`MUERTEESP`,`COSECHAINICIAL`,`CENTROID`) VALUES (802,25,30000,80);
INSERT INTO `jaula`(`JAULAID`,`MUERTEESP`,`COSECHAINICIAL`,`CENTROID`) VALUES (803,25,30000,80);
INSERT INTO `jaula`(`JAULAID`,`MUERTEESP`,`COSECHAINICIAL`,`CENTROID`) VALUES (804,25,30000,80);
INSERT INTO `jaula`(`JAULAID`,`MUERTEESP`,`COSECHAINICIAL`,`CENTROID`) VALUES (805,35,50000,80);
INSERT INTO `jaula`(`JAULAID`,`MUERTEESP`,`COSECHAINICIAL`,`CENTROID`) VALUES (806,15,25000,80);
INSERT INTO `jaula`(`JAULAID`,`MUERTEESP`,`COSECHAINICIAL`,`CENTROID`) VALUES (807,30,50000,80);
INSERT INTO `jaula`(`JAULAID`,`MUERTEESP`,`COSECHAINICIAL`,`CENTROID`) VALUES (808,30,50000,80);
#jaula101inserts#
INSERT INTO `jaulainf`(`JAULAID`, `BIOMASA`, `OXIGENO`, `TEMPERATURA`, `MUERTEACT`, `FECHA`) VALUES (101,100,10,8,0,20250501);
INSERT INTO `jaulainf`(`JAULAID`, `BIOMASA`, `OXIGENO`, `TEMPERATURA`, `MUERTEACT`, `FECHA`) VALUES (101,100,10,8,0,20250502);
INSERT INTO `jaulainf`(`JAULAID`, `BIOMASA`, `OXIGENO`, `TEMPERATURA`, `MUERTEACT`, `FECHA`) VALUES (101,99,10,8,7,20250503);
INSERT INTO `jaulainf`(`JAULAID`, `BIOMASA`, `OXIGENO`, `TEMPERATURA`, `MUERTEACT`, `FECHA`) VALUES (101,99,10,8,10,20250504);
INSERT INTO `jaulainf`(`JAULAID`, `BIOMASA`, `OXIGENO`, `TEMPERATURA`, `MUERTEACT`, `FECHA`) VALUES (101,99,10,8,13,20250505);
INSERT INTO `jaulainf`(`JAULAID`, `BIOMASA`, `OXIGENO`, `TEMPERATURA`, `MUERTEACT`, `FECHA`) VALUES (101,99,10,8,13,20250506);
INSERT INTO `jaulainf`(`JAULAID`, `BIOMASA`, `OXIGENO`, `TEMPERATURA`, `MUERTEACT`, `FECHA`) VALUES (101,99,10,8,20,20250507);
INSERT INTO `jaulainf`(`JAULAID`, `BIOMASA`, `OXIGENO`, `TEMPERATURA`, `MUERTEACT`, `FECHA`) VALUES (101,99,10,8,24,20250508);
INSERT INTO `jaulainf`(`JAULAID`, `BIOMASA`, `OXIGENO`, `TEMPERATURA`, `MUERTEACT`, `FECHA`) VALUES (101,99,10,8,30,20250509);
INSERT INTO `jaulainf`(`JAULAID`, `BIOMASA`, `OXIGENO`, `TEMPERATURA`, `MUERTEACT`, `FECHA`) VALUES (101,99,10,8,34,20250510);
INSERT INTO `jaulainf`(`JAULAID`, `BIOMASA`, `OXIGENO`, `TEMPERATURA`, `MUERTEACT`, `FECHA`) VALUES (101,99,10,8,35,20250511);
INSERT INTO `jaulainf`(`JAULAID`, `BIOMASA`, `OXIGENO`, `TEMPERATURA`, `MUERTEACT`, `FECHA`) VALUES (101,99,10,8,37,20250512);
INSERT INTO `jaulainf`(`JAULAID`, `BIOMASA`, `OXIGENO`, `TEMPERATURA`, `MUERTEACT`, `FECHA`) VALUES (101,99,10,8,37,20250513);
INSERT INTO `jaulainf`(`JAULAID`, `BIOMASA`, `OXIGENO`, `TEMPERATURA`, `MUERTEACT`, `FECHA`) VALUES (101,99,10,8,37,20250514);
INSERT INTO `jaulainf`(`JAULAID`, `BIOMASA`, `OXIGENO`, `TEMPERATURA`, `MUERTEACT`, `FECHA`) VALUES (101,99,10,8,45,20250515);
INSERT INTO `jaulainf`(`JAULAID`, `BIOMASA`, `OXIGENO`, `TEMPERATURA`, `MUERTEACT`, `FECHA`) VALUES (101,99,10,8,50,20250516);
INSERT INTO `jaulainf`(`JAULAID`, `BIOMASA`, `OXIGENO`, `TEMPERATURA`, `MUERTEACT`, `FECHA`) VALUES (101,99,10,8,54,20250517);
INSERT INTO `jaulainf`(`JAULAID`, `BIOMASA`, `OXIGENO`, `TEMPERATURA`, `MUERTEACT`, `FECHA`) VALUES (101,99,10,8,58,20250518);
INSERT INTO `jaulainf`(`JAULAID`, `BIOMASA`, `OXIGENO`, `TEMPERATURA`, `MUERTEACT`, `FECHA`) VALUES (101,99,10,8,61,20250519);
INSERT INTO `jaulainf`(`JAULAID`, `BIOMASA`, `OXIGENO`, `TEMPERATURA`, `MUERTEACT`, `FECHA`) VALUES (101,99,10,8,61,20250521);
INSERT INTO `jaulainf`(`JAULAID`, `BIOMASA`, `OXIGENO`, `TEMPERATURA`, `MUERTEACT`, `FECHA`) VALUES (101,99,10,8,63,20250522);
INSERT INTO `jaulainf`(`JAULAID`, `BIOMASA`, `OXIGENO`, `TEMPERATURA`, `MUERTEACT`, `FECHA`) VALUES (101,99,10,8,66,20250523);
INSERT INTO `jaulainf`(`JAULAID`, `BIOMASA`, `OXIGENO`, `TEMPERATURA`, `MUERTEACT`, `FECHA`) VALUES (101,99,10,8,78,20250524);
INSERT INTO `jaulainf`(`JAULAID`, `BIOMASA`, `OXIGENO`, `TEMPERATURA`, `MUERTEACT`, `FECHA`) VALUES (101,99,10,8,81,20250525);
INSERT INTO `jaulainf`(`JAULAID`, `BIOMASA`, `OXIGENO`, `TEMPERATURA`, `MUERTEACT`, `FECHA`) VALUES (101,99,10,8,85,20250526);
INSERT INTO `jaulainf`(`JAULAID`, `BIOMASA`, `OXIGENO`, `TEMPERATURA`, `MUERTEACT`, `FECHA`) VALUES (101,99,10,8,89,20250527);
INSERT INTO `jaulainf`(`JAULAID`, `BIOMASA`, `OXIGENO`, `TEMPERATURA`, `MUERTEACT`, `FECHA`) VALUES (101,99,10,8,90,20250528);
INSERT INTO `jaulainf`(`JAULAID`, `BIOMASA`, `OXIGENO`, `TEMPERATURA`, `MUERTEACT`, `FECHA`) VALUES (101,99,10,8,94,20250529);
INSERT INTO `jaulainf`(`JAULAID`, `BIOMASA`, `OXIGENO`, `TEMPERATURA`, `MUERTEACT`, `FECHA`) VALUES (101,99,10,8,96,20250530);
#jaula102inserts#
INSERT INTO `jaulainf`(`JAULAID`, `BIOMASA`, `OXIGENO`, `TEMPERATURA`, `MUERTEACT`, `FECHA`) VALUES (102,100,10,8,0,20250501);
INSERT INTO `jaulainf`(`JAULAID`, `BIOMASA`, `OXIGENO`, `TEMPERATURA`, `MUERTEACT`, `FECHA`) VALUES (102,99,10,8,11,20250502);
INSERT INTO `jaulainf`(`JAULAID`, `BIOMASA`, `OXIGENO`, `TEMPERATURA`, `MUERTEACT`, `FECHA`) VALUES (102,99,10,8,13,20250503);
INSERT INTO `jaulainf`(`JAULAID`, `BIOMASA`, `OXIGENO`, `TEMPERATURA`, `MUERTEACT`, `FECHA`) VALUES (102,99,10,8,15,20250504);
INSERT INTO `jaulainf`(`JAULAID`, `BIOMASA`, `OXIGENO`, `TEMPERATURA`, `MUERTEACT`, `FECHA`) VALUES (102,99,10,8,19,20250505);
INSERT INTO `jaulainf`(`JAULAID`, `BIOMASA`, `OXIGENO`, `TEMPERATURA`, `MUERTEACT`, `FECHA`) VALUES (102,99,10,8,24,20250506);
INSERT INTO `jaulainf`(`JAULAID`, `BIOMASA`, `OXIGENO`, `TEMPERATURA`, `MUERTEACT`, `FECHA`) VALUES (102,99,10,8,26,20250507);
INSERT INTO `jaulainf`(`JAULAID`, `BIOMASA`, `OXIGENO`, `TEMPERATURA`, `MUERTEACT`, `FECHA`) VALUES (102,99,10,8,26,20250508);
INSERT INTO `jaulainf`(`JAULAID`, `BIOMASA`, `OXIGENO`, `TEMPERATURA`, `MUERTEACT`, `FECHA`) VALUES (102,99,10,8,30,20250509);
INSERT INTO `jaulainf`(`JAULAID`, `BIOMASA`, `OXIGENO`, `TEMPERATURA`, `MUERTEACT`, `FECHA`) VALUES (102,99,10,8,34,20250510);
INSERT INTO `jaulainf`(`JAULAID`, `BIOMASA`, `OXIGENO`, `TEMPERATURA`, `MUERTEACT`, `FECHA`) VALUES (102,99,10,8,35,20250511);
INSERT INTO `jaulainf`(`JAULAID`, `BIOMASA`, `OXIGENO`, `TEMPERATURA`, `MUERTEACT`, `FECHA`) VALUES (102,99,10,8,37,20250512);
INSERT INTO `jaulainf`(`JAULAID`, `BIOMASA`, `OXIGENO`, `TEMPERATURA`, `MUERTEACT`, `FECHA`) VALUES (102,99,10,8,37,20250513);
INSERT INTO `jaulainf`(`JAULAID`, `BIOMASA`, `OXIGENO`, `TEMPERATURA`, `MUERTEACT`, `FECHA`) VALUES (102,99,10,8,42,20250514);
INSERT INTO `jaulainf`(`JAULAID`, `BIOMASA`, `OXIGENO`, `TEMPERATURA`, `MUERTEACT`, `FECHA`) VALUES (102,99,10,8,45,20250515);
INSERT INTO `jaulainf`(`JAULAID`, `BIOMASA`, `OXIGENO`, `TEMPERATURA`, `MUERTEACT`, `FECHA`) VALUES (102,99,10,8,50,20250516);
INSERT INTO `jaulainf`(`JAULAID`, `BIOMASA`, `OXIGENO`, `TEMPERATURA`, `MUERTEACT`, `FECHA`) VALUES (102,99,10,8,50,20250517);
INSERT INTO `jaulainf`(`JAULAID`, `BIOMASA`, `OXIGENO`, `TEMPERATURA`, `MUERTEACT`, `FECHA`) VALUES (102,99,10,8,58,20250518);
INSERT INTO `jaulainf`(`JAULAID`, `BIOMASA`, `OXIGENO`, `TEMPERATURA`, `MUERTEACT`, `FECHA`) VALUES (102,99,10,8,61,20250519);
INSERT INTO `jaulainf`(`JAULAID`, `BIOMASA`, `OXIGENO`, `TEMPERATURA`, `MUERTEACT`, `FECHA`) VALUES (102,99,10,8,65,20250521);
INSERT INTO `jaulainf`(`JAULAID`, `BIOMASA`, `OXIGENO`, `TEMPERATURA`, `MUERTEACT`, `FECHA`) VALUES (102,99,10,8,69,20250522);
INSERT INTO `jaulainf`(`JAULAID`, `BIOMASA`, `OXIGENO`, `TEMPERATURA`, `MUERTEACT`, `FECHA`) VALUES (102,99,10,8,73,20250523);
INSERT INTO `jaulainf`(`JAULAID`, `BIOMASA`, `OXIGENO`, `TEMPERATURA`, `MUERTEACT`, `FECHA`) VALUES (102,99,10,8,78,20250524);
INSERT INTO `jaulainf`(`JAULAID`, `BIOMASA`, `OXIGENO`, `TEMPERATURA`, `MUERTEACT`, `FECHA`) VALUES (102,99,10,8,81,20250525);
INSERT INTO `jaulainf`(`JAULAID`, `BIOMASA`, `OXIGENO`, `TEMPERATURA`, `MUERTEACT`, `FECHA`) VALUES (102,99,10,8,85,20250526);
INSERT INTO `jaulainf`(`JAULAID`, `BIOMASA`, `OXIGENO`, `TEMPERATURA`, `MUERTEACT`, `FECHA`) VALUES (102,99,10,8,93,20250527);
INSERT INTO `jaulainf`(`JAULAID`, `BIOMASA`, `OXIGENO`, `TEMPERATURA`, `MUERTEACT`, `FECHA`) VALUES (102,99,10,8,97,20250528);
INSERT INTO `jaulainf`(`JAULAID`, `BIOMASA`, `OXIGENO`, `TEMPERATURA`, `MUERTEACT`, `FECHA`) VALUES (102,99,10,8,102,20250529);
INSERT INTO `jaulainf`(`JAULAID`, `BIOMASA`, `OXIGENO`, `TEMPERATURA`, `MUERTEACT`, `FECHA`) VALUES (102,99,10,8,110,20250530);

